{"options":{"viewOn":"RoleMapping","pipeline":[{"$group":{"_id":{"userId":"$principalId","orgId":"$orgId"}}},{"$lookup":{"from":"User","localField":"_id.userId","foreignField":"_id","as":"Users"}},{"$lookup":{"from":"RoleMapping","let":{"userId":"$_id.userId","orgId":"$_id.orgId"},"pipeline":[{"$match":{"$expr":{"$and":[{"$eq":["$principalId","$$userId"]},{"$eq":["$orgId","$$orgId"]}]}}},{"$project":{"_id":{"$numberInt":"0"},"userId":{"$numberInt":"0"}}}],"as":"roleMappings"}},{"$project":{"roleMappings":"$roleMappings","User":{"$arrayElemAt":["$Users",{"$numberInt":"0"}]}}},{"$project":{"name":"$User.name","phone":"$User.phone","id":"$_id.userId","timezone":"$User.timezone","email":"$User.email","status":"$User.status","createdDate":"$User.createdDate","username":"$User.username","_id":{"$numberInt":"0"},"orgId":"$_id.orgId","modifiedDate":"$User.modifiedDate","rolemappings":"$roleMappings"}}]},"indexes":[],"uuid":""}