{"options":{"viewOn":"RoleMapping","pipeline":[{"$group":{"_id":{"userId":"$principalId","orgId":"$orgId"}}},{"$lookup":{"localField":"_id.userId","foreignField":"_id","as":"Users","from":"User"}},{"$lookup":{"from":"RoleMapping","let":{"userId":"$_id.userId","orgId":"$_id.orgId"},"pipeline":[{"$match":{"$expr":{"$and":[{"$eq":["$principalId","$$userId"]},{"$eq":["$orgId","$$orgId"]}]}}},{"$project":{"userId":{"$numberInt":"0"},"_id":{"$numberInt":"0"}}}],"as":"roleMappings"}},{"$project":{"User":{"$arrayElemAt":["$Users",{"$numberInt":"0"}]},"roleMappings":"$roleMappings"}},{"$project":{"phone":"$User.phone","orgId":"$_id.orgId","modifiedDate":"$User.modifiedDate","timezone":"$User.timezone","email":"$User.email","rolemappings":"$roleMappings","status":"$User.status","name":"$User.name","username":"$User.username","_id":{"$numberInt":"0"},"id":"$_id.userId","createdDate":"$User.createdDate"}}]},"indexes":[],"uuid":""}