{"options":{},"indexes":[{"v":{"$numberInt":"2"},"key":{"_id":{"$numberInt":"1"}},"name":"_id_","ns":"bitpod_quietmarmot_wod10.AccessKey"},{"v":{"$numberInt":"2"},"key":{"id":{"$numberInt":"1"}},"name":"id_1","ns":"bitpod_quietmarmot_wod10.AccessKey","background":true},{"v":{"$numberInt":"2"},"key":{"accesssecret":{"$numberInt":"1"}},"name":"accesssecret_1","ns":"bitpod_quietmarmot_wod10.AccessKey","background":true},{"v":{"$numberInt":"2"},"key":{"accesskey":{"$numberInt":"1"}},"name":"accesskey_1","ns":"bitpod_quietmarmot_wod10.AccessKey","background":true}],"uuid":"0235245a959c4162bfc73b645f1e392a"}