{"options":{},"indexes":[{"v":{"$numberInt":"2"},"key":{"_id":{"$numberInt":"1"}},"name":"_id_","ns":"bitpod_quietmarmot_wod10.UserPaymentInfo"},{"v":{"$numberInt":"2"},"key":{"_MailingAddress.LatLng":"2dsphere"},"name":"_MailingAddress.LatLng_2dsphere_index","ns":"bitpod_quietmarmot_wod10.UserPaymentInfo","2dsphereIndexVersion":{"$numberInt":"3"}},{"v":{"$numberInt":"2"},"key":{"id":{"$numberInt":"1"}},"name":"id_1","ns":"bitpod_quietmarmot_wod10.UserPaymentInfo","background":true}],"uuid":"342fbd45a8604c53870928f270d2362a"}