{"options":{"viewOn":"RoleMapping","pipeline":[{"$group":{"_id":{"userId":"$principalId","orgId":"$orgId"}}},{"$lookup":{"from":"User","localField":"_id.userId","foreignField":"_id","as":"Users"}},{"$lookup":{"as":"roleMappings","from":"RoleMapping","let":{"orgId":"$_id.orgId","userId":"$_id.userId"},"pipeline":[{"$match":{"$expr":{"$and":[{"$eq":["$principalId","$$userId"]},{"$eq":["$orgId","$$orgId"]}]}}},{"$project":{"userId":{"$numberInt":"0"},"_id":{"$numberInt":"0"}}}]}},{"$project":{"roleMappings":"$roleMappings","User":{"$arrayElemAt":["$Users",{"$numberInt":"0"}]}}},{"$project":{"phone":"$User.phone","id":"$_id.userId","modifiedDate":"$User.modifiedDate","email":"$User.email","name":"$User.name","username":"$User.username","_id":{"$numberInt":"0"},"orgId":"$_id.orgId","timezone":"$User.timezone","rolemappings":"$roleMappings","status":"$User.status","createdDate":"$User.createdDate"}}]},"indexes":[],"uuid":""}