{"options":{"viewOn":"RoleMapping","pipeline":[{"$group":{"_id":{"orgId":"$orgId","userId":"$principalId"}}},{"$lookup":{"from":"User","localField":"_id.userId","foreignField":"_id","as":"Users"}},{"$lookup":{"pipeline":[{"$match":{"$expr":{"$and":[{"$eq":["$principalId","$$userId"]},{"$eq":["$orgId","$$orgId"]}]}}},{"$project":{"userId":{"$numberInt":"0"},"_id":{"$numberInt":"0"}}}],"as":"roleMappings","from":"RoleMapping","let":{"userId":"$_id.userId","orgId":"$_id.orgId"}}},{"$project":{"User":{"$arrayElemAt":["$Users",{"$numberInt":"0"}]},"roleMappings":"$roleMappings"}},{"$project":{"phone":"$User.phone","username":"$User.username","id":"$_id.userId","timezone":"$User.timezone","email":"$User.email","rolemappings":"$roleMappings","name":"$User.name","_id":{"$numberInt":"0"},"orgId":"$_id.orgId","modifiedDate":"$User.modifiedDate","status":"$User.status","createdDate":"$User.createdDate"}}]},"indexes":[],"uuid":""}