{"options":{"viewOn":"RoleMapping","pipeline":[{"$group":{"_id":{"userId":"$principalId","orgId":"$orgId"}}},{"$lookup":{"from":"User","localField":"_id.userId","foreignField":"_id","as":"Users"}},{"$lookup":{"pipeline":[{"$match":{"$expr":{"$and":[{"$eq":["$principalId","$$userId"]},{"$eq":["$orgId","$$orgId"]}]}}},{"$project":{"userId":{"$numberInt":"0"},"_id":{"$numberInt":"0"}}}],"as":"roleMappings","from":"RoleMapping","let":{"orgId":"$_id.orgId","userId":"$_id.userId"}}},{"$project":{"User":{"$arrayElemAt":["$Users",{"$numberInt":"0"}]},"roleMappings":"$roleMappings"}},{"$project":{"name":"$User.name","username":"$User.username","_id":{"$numberInt":"0"},"id":"$_id.userId","modifiedDate":"$User.modifiedDate","createdDate":"$User.createdDate","phone":"$User.phone","orgId":"$_id.orgId","timezone":"$User.timezone","email":"$User.email","rolemappings":"$roleMappings","status":"$User.status"}}]},"indexes":[],"uuid":""}