{"options":{"viewOn":"RoleMapping","pipeline":[{"$group":{"_id":{"userId":"$principalId","orgId":"$orgId"}}},{"$lookup":{"as":"Users","from":"User","localField":"_id.userId","foreignField":"_id"}},{"$lookup":{"from":"RoleMapping","let":{"userId":"$_id.userId","orgId":"$_id.orgId"},"pipeline":[{"$match":{"$expr":{"$and":[{"$eq":["$principalId","$$userId"]},{"$eq":["$orgId","$$orgId"]}]}}},{"$project":{"userId":{"$numberInt":"0"},"_id":{"$numberInt":"0"}}}],"as":"roleMappings"}},{"$project":{"User":{"$arrayElemAt":["$Users",{"$numberInt":"0"}]},"roleMappings":"$roleMappings"}},{"$project":{"timezone":"$User.timezone","email":"$User.email","name":"$User.name","username":"$User.username","_id":{"$numberInt":"0"},"id":"$_id.userId","orgId":"$_id.orgId","modifiedDate":"$User.modifiedDate","rolemappings":"$roleMappings","phone":"$User.phone","status":"$User.status","createdDate":"$User.createdDate"}}]},"indexes":[],"uuid":""}