{"options":{},"indexes":[{"v":{"$numberInt":"2"},"key":{"_id":{"$numberInt":"1"}},"name":"_id_","ns":"gcp_instance_db.AccessKey"},{"v":{"$numberInt":"2"},"key":{"accesssecret":{"$numberInt":"1"}},"name":"accesssecret_1","ns":"gcp_instance_db.AccessKey","background":true},{"v":{"$numberInt":"2"},"key":{"accesskey":{"$numberInt":"1"}},"name":"accesskey_1","background":true,"ns":"gcp_instance_db.AccessKey"},{"v":{"$numberInt":"2"},"key":{"id":{"$numberInt":"1"}},"name":"id_1","ns":"gcp_instance_db.AccessKey","background":true}],"uuid":"f111e8cfa119408cbbdeb76ea70a9c95"}