{"options":{},"indexes":[{"v":{"$numberInt":"2"},"key":{"_id":{"$numberInt":"1"}},"name":"_id_","ns":"gcp_instance_db.OrganizationInfo"},{"v":{"$numberInt":"2"},"key":{"id":{"$numberInt":"1"}},"name":"id_1","ns":"gcp_instance_db.OrganizationInfo","background":true},{"v":{"$numberInt":"2"},"key":{"_CurrentAddress.LatLng":"2dsphere"},"name":"_CurrentAddress.LatLng_2dsphere_index","ns":"gcp_instance_db.OrganizationInfo","background":true,"2dsphereIndexVersion":{"$numberInt":"3"}}],"uuid":"a01c15572eff4f008c0f908097d3972a"}