{"options":{},"indexes":[{"v":{"$numberInt":"2"},"key":{"_id":{"$numberInt":"1"}},"name":"_id_","ns":"gcp_instance_db.Template"},{"v":{"$numberInt":"2"},"key":{"Version":{"$numberInt":"1"}},"name":"Version_1","ns":"gcp_instance_db.Template","background":true},{"v":{"$numberInt":"2"},"key":{"id":{"$numberInt":"1"}},"name":"id_1","ns":"gcp_instance_db.Template","background":true},{"v":{"$numberInt":"2"},"key":{"Name":{"$numberInt":"1"}},"name":"Name_1","ns":"gcp_instance_db.Template","background":true}],"uuid":"5ccc20cf86c940768e4ca7f9f3f3047f"}