{"options":{"viewOn":"RoleMapping","pipeline":[{"$group":{"_id":{"userId":"$principalId","orgId":"$orgId"}}},{"$lookup":{"foreignField":"_id","as":"Users","from":"User","localField":"_id.userId"}},{"$lookup":{"from":"RoleMapping","let":{"userId":"$_id.userId","orgId":"$_id.orgId"},"pipeline":[{"$match":{"$expr":{"$and":[{"$eq":["$principalId","$$userId"]},{"$eq":["$orgId","$$orgId"]}]}}},{"$project":{"userId":{"$numberInt":"0"},"_id":{"$numberInt":"0"}}}],"as":"roleMappings"}},{"$project":{"User":{"$arrayElemAt":["$Users",{"$numberInt":"0"}]},"roleMappings":"$roleMappings"}},{"$project":{"id":"$_id.userId","modifiedDate":"$User.modifiedDate","createdDate":"$User.createdDate","name":"$User.name","phone":"$User.phone","orgId":"$_id.orgId","timezone":"$User.timezone","email":"$User.email","rolemappings":"$roleMappings","status":"$User.status","username":"$User.username","_id":{"$numberInt":"0"}}}]},"indexes":[],"uuid":""}