{"options":{"viewOn":"RoleMapping","pipeline":[{"$group":{"_id":{"orgId":"$orgId","userId":"$principalId"}}},{"$lookup":{"localField":"_id.userId","foreignField":"_id","as":"Users","from":"User"}},{"$lookup":{"as":"roleMappings","from":"RoleMapping","let":{"orgId":"$_id.orgId","userId":"$_id.userId"},"pipeline":[{"$match":{"$expr":{"$and":[{"$eq":["$principalId","$$userId"]},{"$eq":["$orgId","$$orgId"]}]}}},{"$project":{"userId":{"$numberInt":"0"},"_id":{"$numberInt":"0"}}}]}},{"$project":{"User":{"$arrayElemAt":["$Users",{"$numberInt":"0"}]},"roleMappings":"$roleMappings"}},{"$project":{"createdDate":"$User.createdDate","modifiedDate":"$User.modifiedDate","phone":"$User.phone","username":"$User.username","email":"$User.email","orgId":"$_id.orgId","name":"$User.name","timezone":"$User.timezone","rolemappings":"$roleMappings","_id":{"$numberInt":"0"},"id":"$_id.userId","status":"$User.status"}}]},"indexes":[],"uuid":""}