{"options":{"viewOn":"RoleMapping","pipeline":[{"$group":{"_id":{"userId":"$principalId","orgId":"$orgId"}}},{"$lookup":{"from":"User","localField":"_id.userId","foreignField":"_id","as":"Users"}},{"$lookup":{"from":"RoleMapping","let":{"userId":"$_id.userId","orgId":"$_id.orgId"},"pipeline":[{"$match":{"$expr":{"$and":[{"$eq":["$principalId","$$userId"]},{"$eq":["$orgId","$$orgId"]}]}}},{"$project":{"userId":{"$numberInt":"0"},"_id":{"$numberInt":"0"}}}],"as":"roleMappings"}},{"$project":{"User":{"$arrayElemAt":["$Users",{"$numberInt":"0"}]},"roleMappings":"$roleMappings"}},{"$project":{"username":"$User.username","rolemappings":"$roleMappings","orgId":"$_id.orgId","createdDate":"$User.createdDate","phone":"$User.phone","modifiedDate":"$User.modifiedDate","timezone":"$User.timezone","email":"$User.email","_id":{"$numberInt":"0"},"id":"$_id.userId","name":"$User.name","status":"$User.status"}}]},"indexes":[],"uuid":""}