{"options":{"viewOn":"RoleMapping","pipeline":[{"$group":{"_id":{"userId":"$principalId","orgId":"$orgId"}}},{"$lookup":{"localField":"_id.userId","foreignField":"_id","as":"Users","from":"User"}},{"$lookup":{"from":"RoleMapping","let":{"userId":"$_id.userId","orgId":"$_id.orgId"},"pipeline":[{"$match":{"$expr":{"$and":[{"$eq":["$principalId","$$userId"]},{"$eq":["$orgId","$$orgId"]}]}}},{"$project":{"userId":{"$numberInt":"0"},"_id":{"$numberInt":"0"}}}],"as":"roleMappings"}},{"$project":{"User":{"$arrayElemAt":["$Users",{"$numberInt":"0"}]},"roleMappings":"$roleMappings"}},{"$project":{"phone":"$User.phone","timezone":"$User.timezone","username":"$User.username","rolemappings":"$roleMappings","_id":{"$numberInt":"0"},"name":"$User.name","status":"$User.status","createdDate":"$User.createdDate","modifiedDate":"$User.modifiedDate","email":"$User.email","id":"$_id.userId","orgId":"$_id.orgId"}}]},"indexes":[],"uuid":""}