{"options":{},"indexes":[{"v":{"$numberInt":"2"},"key":{"_id":{"$numberInt":"1"}},"name":"_id_","ns":"gcp_expense_db.AccessKey"},{"v":{"$numberInt":"2"},"key":{"id":{"$numberInt":"1"}},"name":"id_1","ns":"gcp_expense_db.AccessKey","background":true},{"v":{"$numberInt":"2"},"key":{"accesskey":{"$numberInt":"1"}},"name":"accesskey_1","background":true,"ns":"gcp_expense_db.AccessKey"},{"v":{"$numberInt":"2"},"key":{"accesssecret":{"$numberInt":"1"}},"name":"accesssecret_1","background":true,"ns":"gcp_expense_db.AccessKey"}],"uuid":"0818c8717fa349f9a727e7df57d7e665"}