{"options":{},"indexes":[{"v":{"$numberInt":"2"},"key":{"_id":{"$numberInt":"1"}},"name":"_id_","ns":"gcp_expense_db.AccessKey"},{"v":{"$numberInt":"2"},"key":{"id":{"$numberInt":"1"}},"name":"id_1","ns":"gcp_expense_db.AccessKey","background":true},{"v":{"$numberInt":"2"},"key":{"accesskey":{"$numberInt":"1"}},"name":"accesskey_1","ns":"gcp_expense_db.AccessKey","background":true},{"v":{"$numberInt":"2"},"key":{"accesssecret":{"$numberInt":"1"}},"name":"accesssecret_1","ns":"gcp_expense_db.AccessKey","background":true}],"uuid":"368c9f7c471d4c009462fc8b78db0740"}