{"options":{},"indexes":[{"v":{"$numberInt":"2"},"key":{"_id":{"$numberInt":"1"}},"name":"_id_","ns":"gcp_expense_db.UserPaymentInfo"},{"v":{"$numberInt":"2"},"key":{"_MailingAddress.LatLng":"2dsphere"},"name":"_MailingAddress.LatLng_2dsphere_index","background":true,"2dsphereIndexVersion":{"$numberInt":"3"},"ns":"gcp_expense_db.UserPaymentInfo"},{"v":{"$numberInt":"2"},"key":{"id":{"$numberInt":"1"}},"name":"id_1","ns":"gcp_expense_db.UserPaymentInfo","background":true}],"uuid":"5ef75e5093ef472aa81242d67d037e59"}