{"options":{"viewOn":"RoleMapping","pipeline":[{"$group":{"_id":{"userId":"$principalId","orgId":"$orgId"}}},{"$lookup":{"localField":"_id.userId","foreignField":"_id","as":"Users","from":"User"}},{"$lookup":{"let":{"userId":"$_id.userId","orgId":"$_id.orgId"},"pipeline":[{"$match":{"$expr":{"$and":[{"$eq":["$principalId","$$userId"]},{"$eq":["$orgId","$$orgId"]}]}}},{"$project":{"userId":{"$numberInt":"0"},"_id":{"$numberInt":"0"}}}],"as":"roleMappings","from":"RoleMapping"}},{"$project":{"User":{"$arrayElemAt":["$Users",{"$numberInt":"0"}]},"roleMappings":"$roleMappings"}},{"$project":{"timezone":"$User.timezone","username":"$User.username","email":"$User.email","_id":{"$numberInt":"0"},"phone":"$User.phone","rolemappings":"$roleMappings","id":"$_id.userId","orgId":"$_id.orgId","name":"$User.name","status":"$User.status","createdDate":"$User.createdDate","modifiedDate":"$User.modifiedDate"}}]},"indexes":[],"uuid":""}