{"options":{"viewOn":"RoleMapping","pipeline":[{"$group":{"_id":{"orgId":"$orgId","userId":"$principalId"}}},{"$lookup":{"from":"User","localField":"_id.userId","foreignField":"_id","as":"Users"}},{"$lookup":{"from":"RoleMapping","let":{"userId":"$_id.userId","orgId":"$_id.orgId"},"pipeline":[{"$match":{"$expr":{"$and":[{"$eq":["$principalId","$$userId"]},{"$eq":["$orgId","$$orgId"]}]}}},{"$project":{"userId":{"$numberInt":"0"},"_id":{"$numberInt":"0"}}}],"as":"roleMappings"}},{"$project":{"User":{"$arrayElemAt":["$Users",{"$numberInt":"0"}]},"roleMappings":"$roleMappings"}},{"$project":{"id":"$_id.userId","status":"$User.status","username":"$User.username","_id":{"$numberInt":"0"},"orgId":"$_id.orgId","name":"$User.name","createdDate":"$User.createdDate","modifiedDate":"$User.modifiedDate","phone":"$User.phone","timezone":"$User.timezone","email":"$User.email","rolemappings":"$roleMappings"}}]},"indexes":[],"uuid":""}