{"options":{},"indexes":[{"v":{"$numberInt":"2"},"key":{"_id":{"$numberInt":"1"}},"name":"_id_","ns":"gcp_crm_db.AccessKey"},{"v":{"$numberInt":"2"},"key":{"accesskey":{"$numberInt":"1"}},"name":"accesskey_1","ns":"gcp_crm_db.AccessKey","background":true},{"v":{"$numberInt":"2"},"key":{"id":{"$numberInt":"1"}},"name":"id_1","ns":"gcp_crm_db.AccessKey","background":true},{"v":{"$numberInt":"2"},"key":{"accesssecret":{"$numberInt":"1"}},"name":"accesssecret_1","ns":"gcp_crm_db.AccessKey","background":true}],"uuid":"636a237aa75740039d5b1c90971569c9"}