{"options":{},"indexes":[{"v":{"$numberInt":"2"},"key":{"_id":{"$numberInt":"1"}},"name":"_id_","ns":"gcp_crm_db.Contact"},{"v":{"$numberInt":"2"},"key":{"_CurrentAddress.LatLng":"2dsphere"},"name":"_CurrentAddress.LatLng_2dsphere_index","ns":"gcp_crm_db.Contact","background":true,"2dsphereIndexVersion":{"$numberInt":"3"}},{"v":{"$numberInt":"2"},"key":{"id":{"$numberInt":"1"}},"name":"id_1","ns":"gcp_crm_db.Contact","background":true},{"v":{"$numberInt":"2"},"key":{"_OtherAddress.LatLng":"2dsphere"},"name":"_OtherAddress.LatLng_2dsphere_index","ns":"gcp_crm_db.Contact","background":true,"2dsphereIndexVersion":{"$numberInt":"3"}}],"uuid":"2fb31a4a55504401b1baaca92d0f87f0"}