{"options":{},"indexes":[{"v":{"$numberInt":"2"},"key":{"_id":{"$numberInt":"1"}},"name":"_id_","ns":"gcp_crm_db.Customer"},{"v":{"$numberInt":"2"},"key":{"_BillingAddress.LatLng":"2dsphere"},"name":"_BillingAddress.LatLng_2dsphere_index","ns":"gcp_crm_db.Customer","background":true,"2dsphereIndexVersion":{"$numberInt":"3"}},{"v":{"$numberInt":"2"},"key":{"_ShippingAddress.LatLng":"2dsphere"},"name":"_ShippingAddress.LatLng_2dsphere_index","ns":"gcp_crm_db.Customer","background":true,"2dsphereIndexVersion":{"$numberInt":"3"}},{"v":{"$numberInt":"2"},"key":{"id":{"$numberInt":"1"}},"name":"id_1","ns":"gcp_crm_db.Customer","background":true}],"uuid":"dddbb9d64e2143c38fd707d81e852c7b"}