{"options":{},"indexes":[{"v":{"$numberInt":"2"},"key":{"_id":{"$numberInt":"1"}},"name":"_id_","ns":"gcp_crm_db.OrganizationInfo"},{"v":{"$numberInt":"2"},"key":{"_CurrentAddress.LatLng":"2dsphere"},"name":"_CurrentAddress.LatLng_2dsphere_index","ns":"gcp_crm_db.OrganizationInfo","background":true,"2dsphereIndexVersion":{"$numberInt":"3"}},{"v":{"$numberInt":"2"},"key":{"id":{"$numberInt":"1"}},"name":"id_1","ns":"gcp_crm_db.OrganizationInfo","background":true}],"uuid":"5baabae5094a4ff88d4945c12a5b1201"}